IIIa,IIIa',IIIb,IIIb',IIIc,IIIc',IIa,IIa',IIb,IIb',IIc,IIc',Ia,Ib,Ic,class
5.68653412,15.92867433,0.707679655,1.627364746,0.214183984,0.408804603,4.656244128,7.321872353,6.465060169,6.162350872,0.631887957,3.790303826,31.50378114,9.335221409,5.560036709,0
5.611994724,17.55752009,0.641736728,1.773790254,0.218887513,0.258458263,4.734727383,7.065930546,3.279725867,10.24609621,0.600948042,3.546466097,30.59804326,8.746664377,5.119010646,0
11.00614115,7.235624865,0.634480351,2.765321732,0.746867004,0.296918741,11.09392932,4.939150764,4.642677097,7.459138936,0.535771587,1.696481569,35.11613396,8.632245862,3.19911706,1
8.075507793,5.564576289,0.960662222,3.269190524,0.675911082,0.226215003,7.490018998,5.773298799,3.740798558,5.77821639,0.387134353,1.699088693,48.13372188,5.83179439,2.393865024,1
9.619203847,4.217373027,0.331368202,1.001366294,0.310139281,0.301566674,15.89250888,4.437472128,5.460853894,5.48111353,0.300430545,1.52358027,30.01981551,17.46243208,3.640775831,1
6.891500129,6.132009933,0.897526082,1.755738505,0.325447488,0.186570792,10.5259599,7.900807902,5.861791556,4.203006041,0.602430779,1.28796961,42.13003847,8.381525587,2.917677221,1
4.428714275,6.449506197,0.511721827,2.193007593,0.747772076,0.33863451,8.485972322,8.800316446,6.503548255,3.822503696,0.54921418,1.875257878,45.62140152,7.313076072,2.359353152,1
8.671745105,6.106037314,0.547234558,1.934748319,0.129347027,0.401866189,9.310179218,5.912403906,7.152323284,4.933657721,0.610039411,1.229973043,39.21324042,9.925899058,3.92130543,1
8.593889568,6.319855844,0.490206495,1.84015852,0.155019104,0.413093135,10.22699277,6.708961358,6.210065653,4.376912527,0.737826462,1.319445245,39.8588278,9.299417382,3.44932813,1
5.381921653,6.014740661,0.32555887,1.054293485,0.059718157,0.303841854,10.14331558,9.209985725,3.9555079,4.121316517,0.595952446,1.15447104,46.91037629,8.211381185,2.55761864,1
5.118388721,6.837163893,0.398895705,0.896502686,0.103124504,0.417690505,10.32631507,9.49385049,3.329958602,4.84000811,0.63221046,1.506322953,45.56333169,7.928782214,2.607454406,1
8.990391751,7.363635777,0.502785314,1.901332692,0.149032492,0.713018196,8.780103559,5.729754046,7.215552772,5.184039041,0.755357915,1.419288586,39.32561576,8.407960199,3.562131901,1
8.583570624,6.60157153,0.422572826,0.997026813,0.16344003,0.7325012,8.984066604,6.463658162,6.007181964,5.229049996,0.812302999,1.470028427,41.88182751,8.34911195,3.30208936,1
8.041093274,6.54117929,0.622780081,1.15555429,0.166195278,0.765537398,9.064230145,6.846591175,5.562173005,4.472083363,1.051193149,1.519708605,42.57073755,8.344786119,3.276157283,1
5.507828872,6.582739283,0.539287807,0.997790242,0.202491648,0.675848933,10.20888204,8.609330254,4.396841372,4.836730329,0.588883025,1.595944073,44.22313809,8.129354045,2.904909991,1
3.73150358,5.815215923,0.338579501,0.897934203,0.191909655,0.578440889,9.831163264,9.920841633,3.238488271,4.268803361,0.841733704,1.25488082,48.46077301,7.960295801,2.669436389,1
4.214729594,6.649042132,0.424030616,1.031376753,0.177270806,0.896073126,8.791731407,9.577328184,3.431402286,5.277381801,0.590357534,1.825575901,46.9680244,7.570583752,2.575091712,1
3.9603919,4.847748789,0.438348032,0.620836269,0.15405937,0.299339238,13.65296298,7.481599625,4.717728534,3.021612209,0.672677142,0.397795091,45.88377193,10.39702166,3.45410724,1
6.0149898,3.870411534,0.383982011,0.431855608,0.129318308,0.562961727,12.81423256,7.170908744,4.990176973,2.607025301,0.780081405,0.27711066,47.91769714,9.014141583,3.035106643,1
9.120113965,1.592022444,0.097975085,1.032081753,0.027328362,0.170656898,4.69582661,2.858139636,0.901545215,2.282499673,0.215719623,0.052330906,72.84985391,3.07792944,1.02597648,1
3.661831499,1.21353329,0.09130988,1.133324915,0.024007005,0.443643903,5.272521138,2.097213106,0.781962274,1.329821557,0.123087939,0.040936801,80.97673818,2.14592096,0.66414755,1
12.54981697,15.41625249,0.541729072,1.271367203,0.168892005,0.770550497,4.952349429,6.314690109,3.765171241,7.842016589,0.709181948,3.871975132,27.36276625,8.909849909,5.553391152,0
14.35296222,16.70434691,0.749554028,1.505528219,0.278589215,1.036168447,4.789900166,5.858857303,2.718709731,8.074501406,0.535395734,3.481791959,27.70048105,7.381353095,4.831860517,0
17.39791203,19.0833476,0.452164984,1.528666781,0.126476125,0.889953791,3.834502824,5.728906384,2.103884991,7.192709225,0.416053397,3.580523704,27.48057505,6.424268355,3.760054766,0
4.382493872,12.48813125,0.615850023,1.661845563,0.192328924,1.063439839,4.613023605,7.027182194,4.121491819,8.661205202,0.441848654,4.112217634,35.1935434,9.378408815,6.046989202,0
6.018432557,13.02896545,0.69185389,1.39742248,0.206353493,1.149080904,4.48534004,6.281332816,2.33698496,11.60390257,0.387598535,5.414141755,32.30866938,8.910968384,5.778952788,0
8.699778159,14.87246707,0.499298088,1.639723866,0.151960288,0.947735998,4.973339756,5.90122788,3.175453141,9.379774603,0.584478549,4.323115124,30.55683625,8.707014363,5.587796865,0
8.760797742,16.20363997,0.607426782,1.641314199,0.114430258,0.834853334,4.869882186,6.623475697,4.104719459,7.709846164,0.37455117,3.620900299,31.10179991,8.521899485,4.910463342,0
9.052976782,15.29296841,0.600938476,1.042964048,0.176356691,0.573202854,6.415650566,6.612939801,2.846826103,7.647530832,0.627453033,2.64360598,32.0039423,9.973136567,4.489507562,0
8.76609176,15.42193665,0.512907226,1.529027167,0.062676136,0.823131552,4.631946793,6.884004058,3.573892459,8.234697328,0.701611994,3.571863375,31.77386991,8.156690339,5.355653252,0
4.972583639,15.06973137,0.705440216,1.601354993,0.28171986,0.951517381,3.843423067,7.558247292,3.977154458,8.486383065,0.498997727,3.752177769,34.59679558,8.592455725,5.112017861,0
13.87052942,16.076315,0.778959962,2.268512584,0.201769004,1.488356194,3.893176089,5.808058796,4.103405546,10.55710806,0.624962612,5.565098492,24.04888262,6.603683288,4.111182327,0
16.14693364,16.18020894,0.735055136,2.126233314,0.142870962,1.213097311,3.605726446,5.710872509,1.551944283,12.0729348,0.489166183,5.357129038,23.96546721,6.583865351,4.118494873,0
17.82573496,15.78229241,0.826351303,1.875522463,0.165650899,1.195350941,3.375823314,5.25288297,2.054422506,11.04795605,0.624173758,5.299145174,24.73058854,5.878154724,4.065949993,0
18.85450677,16.1735944,0.673604125,2.113052425,0.165025,1.096123057,3.693950724,5.3139881,1.181038834,11.03241334,0.481570873,4.985311402,24.43445749,6.151129483,3.650233976,0
13.37987808,14.43104257,0.583918244,1.795855632,0.091923395,0.989386011,3.906092995,5.842345796,2.357351266,10.55174506,0.670352286,4.44563122,29.4922442,7.156161845,4.30607141,0
5.255551433,17.34273382,0.980411304,2.579926957,0.548795969,1.261644825,2.575044431,7.21442103,3.988047575,10.11854774,1.654199949,3.599398473,31.45128215,7.271058336,4.158936,0
4.94521848,17.98046846,1.142241016,2.311437573,0.371761825,1.629687035,2.687691988,7.789027972,2.96623257,13.23348552,1.327560355,4.094995816,28.25502187,6.912411342,4.352758169,0
8.472314877,17.48034043,1.267511674,3.628681747,0.297167809,1.645541472,2.915074696,6.636747731,3.388117331,12.83077607,1.489882144,4.320051752,25.02072088,6.254674834,4.352396547,0
9.99899795,15.09833751,0.693236165,1.522568891,0.245593259,0.833887497,5.921749032,7.294010476,3.514461398,7.295468003,0.695422455,2.782782965,29.69601458,9.661216124,4.746253701,0
5.68058035,11.51623347,0.638067718,1.163045781,0.237147871,0.601757996,6.677206572,7.711277194,2.343868196,6.867454386,0.663030651,2.278435051,38.19707102,10.80025114,4.624572604,0
12.04545973,16.10157062,0.796229724,1.86395325,0.260738346,1.128671114,4.955332262,6.112358672,3.160800597,8.267035177,0.585031663,3.717476965,28.77410607,7.624315154,4.606920648,0
9.066552168,14.74246458,0.708973809,1.170287677,0.316702447,0.861829111,5.458823529,6.907342207,3.44697295,7.108286818,0.575697724,3.153628167,31.73756977,10.13722628,4.607642765,0
9.958428558,16.45562749,0.706957835,1.54306603,0.319319583,0.484407434,5.49263375,6.859194289,2.689883783,8.294822194,0.471305223,2.811172816,29.79873133,9.503407511,4.611042169,0
10.86239356,16.62881651,0.882134026,1.52612613,0.268218999,0.458389886,5.521237653,7.606835492,3.235950864,7.291216542,0.645514994,2.518288957,28.706857,9.350544528,4.497474858,0
9.76041888,15.70655364,1.244539834,1.909662829,0.297450782,0.977698394,5.283892644,7.261976355,3.065975736,7.649094504,0.542685628,3.038967493,27.71873976,10.36036198,5.181981541,0
4.957825111,10.0977001,0.977001032,0.977001032,0.254869834,0.552217974,6.3596092,6.529522422,3.580314339,9.072152436,1.5899023,2.924934765,37.20492748,9.812488622,5.109533345,0
2.705001701,2.858115005,1.395032324,3.74276965,2.619938755,3.895882953,7.043211977,7.689690371,3.23239197,11.73868663,5.103776795,9.95236475,21.6570262,10.90506975,5.46104117,0
11.28265534,10.811493,1.712170292,2.557738421,0.837154516,1.232594338,5.523537083,7.374531993,3.37806571,7.168398469,1.131630979,3.840814438,27.89112784,9.578898658,5.679188928,0
6.683846857,13.86359203,0.617049456,1.367570509,0.319305126,1.143748909,4.584235978,7.405620181,3.044179098,9.163338433,0.733067075,4.363494492,31.37917227,10.25472541,5.077054179,0
6.073550522,12.91370923,0.466544382,1.336829093,0.247228647,0.905175851,4.977470293,6.737479065,2.404996411,8.467082702,0.831904458,3.957652125,34.40714969,11.139744,5.133483531,0
7.441015173,17.30861527,0.561851679,1.053951839,0.257888641,0.879253083,5.004831413,7.014826997,2.517453878,8.727258765,0.659119851,4.034069457,29.5452073,9.662185078,5.332471571,0
8.890975762,18.35524551,0.665414543,1.777121903,0.282622306,0.721760129,4.53805563,7.790000894,1.168052947,9.65745461,0.745013863,3.242107146,28.56363474,9.414184778,4.188355246,0
3,2,0,0,0,0,16,15,1,3,0,0,45,13,1,2
3,3,0,0,0,0,26,13,1,1,0,0,52,2,0,2
0,0,0,0,0,0,5,2,0,0,0,0,92,1,0,2
0,1,0,0,0,0,3,4,2,2,0,0,59,22,7,2
0,0,0,0,0,0,4,0,0,0,0,0,93,2,2,2
0,0,0,0,0,0,6,2,0,0,0,0,91,0,0,2
0,0,0,0,0,0,2,3,0,1,0,0,82,8,3,2
0,0,0,0,0,0,3,1,0,0,0,0,94,2,1,2
0,0,0,0,0,0,6,1,0,0,0,0,91,1,1,2
1,1,0,0,0,0,5,6,2,3,0,0,54,24,6,2
2,0,0,0,0,0,36,0,1,0,0,0,57,2,3,2
6,14,1,1,0,0,13,21,9,11,0,1,14,9,1,2
8,1,0,0,0,0,36,1,1,0,0,0,49,3,1,2
0,0,0,0,0,0,4,1,0,0,0,0,93,2,1,2
0,0,0,0,0,0,7,1,0,0,0,0,89,2,1,2
1,1,0,0,0,0,6,4,1,0,0,0,86,2,1,2
1,1,0,0,0,0,8,8,1,1,0,0,73,7,1,2
1,0,0,0,0,0,11,2,0,0,0,0,83,2,0,2
1,1,0,0,0,0,5,4,1,1,0,0,66,18,3,2
1,1,0,0,0,0,5,1,0,0,0,0,89,2,1,2
1,1,0,0,0,0,8,5,0,0,0,0,86,1,0,2
2,3,1,1,0,0,6,10,3,16,0,1,20,31,6,2
1,1,0,0,0,0,7,11,2,2,0,0,54,18,4,2
4,7,0,0,0,0,15,24,1,5,0,0,37,8,0,2
1,2,0,0,0,0,10,14,2,5,0,0,51,13,2,2
1,0,0,0,0,0,14,1,0,0,0,0,83,0,0,2
4,7,1,2,0,0,10,17,8,11,1,1,20,17,3,2
3,5,0,1,0,0,10,17,5,8,0,1,33,14,2,2
4,10,0,1,0,0,11,23,6,9,1,1,20,11,2,2
5,8,1,1,0,0,12,21,6,11,1,1,20,12,2,2
3,2,0,0,0,0,23,11,2,2,0,0,43,10,2,2
4,13,1,2,0,0,7,23,10,13,1,1,11,12,2,2
4,6,0,1,0,0,22,16,4,5,1,0,31,8,2,2
6,12,1,3,0,0,9,17,11,13,1,2,11,11,3,2
5,9,1,1,0,0,14,20,6,8,1,1,22,11,3,2
6,7,0,0,0,0,25,17,3,4,1,0,30,6,2,2
8,6,0,0,0,0,28,13,1,2,0,0,37,4,1,2
5,9,0,1,0,0,20,18,3,5,1,0,29,7,2,2
10,12,1,1,1,0,22,15,4,5,1,0,22,5,1,2
6,15,0,1,0,0,16,22,4,7,1,1,20,6,1,2
7,14,1,3,0,0,11,16,8,11,1,1,16,8,1,2
8,8,1,1,0,0,19,15,6,5,1,1,23,9,3,2
3,0,0,0,0,0,27,1,1,0,1,0,64,3,1,2
10,1,0,0,0,0,38,5,1,0,1,0,40,3,1,2
6,1,0,0,0,0,31,3,1,0,1,0,53,3,1,2
0,3,0,0,0,0,42,8,1,0,0,0,42,3,1,2
10,6,0,1,0,0,23,15,6,3,2,0,24,7,4,2
8,0,0,0,0,0,42,0,1,0,1,0,46,2,1,2
15,5,0,1,0,0,36,8,2,2,0,0,28,2,0,2
12,1,0,0,0,0,40,5,1,1,1,0,37,2,0,2
4,1,0,0,0,0,34,1,1,0,0,0,57,2,0,2
15,13,1,1,0,0,25,12,5,5,1,0,19,3,1,2
13,0,0,0,0,0,40,2,1,0,0,0,41,2,0,2
24,1,0,0,0,0,37,4,1,0,0,0,31,2,0,2
18,3,0,0,0,0,31,10,1,0,0,0,35,1,0,2
16,1,0,0,0,0,40,4,1,0,0,0,36,1,0,2
17,1,0,0,0,0,40,3,1,0,0,0,37,2,0,2
0,0,0,0,0,0,11,3,0,0,0,0,81,3,1,2
11,1,0,0,0,0,37,2,3,0,0,0,40,3,1,2
0,0,0,0,0,0,2,0,0,0,0,0,96,1,1,2
0,0,0,0,0,0,1,0,0,0,0,0,97,1,1,2
3,4,0,0,0,0,13,18,3,8,2,0,30,13,6,2
0,0,0,0,0,0,4,2,0,0,0,0,86,6,1,2
0,0,0,0,0,0,3,2,0,0,0,0,90,4,1,2
0,3,0,1,0,0,2,21,2,8,0,1,34,25,4,2
0,43,0,0,0,0,0,39,0,0,0,0,18,0,0,2
2,0,0,0,0,0,26,0,0,0,0,0,71,0,0,2
9,1,0,0,0,0,38,4,1,0,0,0,44,2,1,2
12,1,0,0,0,0,39,4,1,0,0,0,39,2,1,2
10,24,0,0,0,0,18,19,2,2,0,0,19,4,1,2
8,24,0,1,0,0,15,21,3,4,1,0,16,5,1,2
8,21,0,1,0,0,17,23,3,3,0,0,18,5,1,2
7,7,0,1,0,0,18,18,9,7,1,0,18,11,2,2
7,24,0,1,0,0,14,26,2,5,0,0,14,4,1,2
6,20,0,2,0,0,10,26,4,10,0,1,14,7,1,2
9,19,0,1,0,0,18,20,3,5,0,0,19,5,1,2
10,12,0,1,0,0,23,18,4,3,1,0,21,7,2,2
11,1,0,0,0,0,35,5,1,0,0,0,43,2,0,2
3,18,1,2,0,0,4,33,4,11,0,0,14,8,2,2
16,1,0,0,0,0,43,3,1,0,0,0,33,2,1,2
7,16,0,1,0,0,15,21,4,6,1,0,20,8,1,2
9,19,0,1,0,0,16,22,3,6,0,0,19,5,1,2
3,16,0,2,0,0,7,31,2,11,0,1,18,7,1,2
8,13,0,2,0,0,14,20,6,9,1,1,16,10,2,2
6,15,0,2,0,0,11,23,6,8,0,0,17,9,1,2
10,1,0,0,0,0,43,3,1,0,1,0,38,3,1,2
7,9,0,0,0,0,20,20,3,6,0,0,29,7,1,2
4,15,0,2,0,0,4,26,1,15,0,1,17,14,1,2
3,1,0,0,0,0,29,0,1,1,0,0,58,5,2,2
7,10,1,2,0,0,13,13,10,10,1,2,14,14,4,2
7,15,0,0,0,0,13,24,6,8,0,1,18,7,1,2
16,1,0,0,0,0,47,0,1,0,0,0,34,1,0,2
9,10,1,1,0,0,20,20,5,6,0,0,20,6,1,2
9,12,0,1,0,0,21,21,4,7,0,0,18,6,1,2
4,11,0,2,0,0,10,21,5,9,0,1,22,12,2,2
14,1,0,0,1,0,40,4,1,0,0,0,36,3,1,2
9,1,0,0,0,0,44,2,2,0,1,0,38,3,1,2
11,2,1,0,0,0,32,5,2,0,1,0,40,5,1,2
9,23,0,1,0,0,16,20,3,4,1,0,16,5,1,2
13,1,0,0,0,0,42,7,1,0,0,0,33,2,1,2
5,11,1,2,0,0,9,16,13,10,1,1,14,13,3,2
8,3,0,0,0,0,31,12,1,1,0,0,40,2,1,2
1,0,0,0,0,0,9,1,0,0,0,0,87,1,1,2
0,0,0,0,0,0,1,0,0,0,0,0,97,1,1,2
0,0,0,0,0,0,1,0,0,0,0,0,98,0,1,2
0,0,0,0,0,0,2,1,0,0,0,0,93,3,1,2
0,0,0,0,0,0,2,0,0,0,0,0,97,0,0,2
0,0,0,0,0,0,3,5,1,1,0,0,68,17,4,2
0,0,0,0,0,0,6,1,0,0,0,0,90,1,1,2
8,6,0,1,0,0,22,6,4,3,1,0,44,3,1,2
15,16,2,2,0,0,13,11,14,5,1,1,12,7,1,2
9,3,0,0,0,0,30,7,6,2,1,0,25,12,4,2
0,0,0,0,0,0,1,1,0,0,0,0,95,3,1,2
7,2,0,0,0,0,32,6,0,0,0,0,53,0,0,2
6,22,0,0,0,0,5,34,5,7,0,0,12,7,3,2
13,3,0,0,0,0,28,16,2,0,1,0,35,2,1,2
10,3,0,0,0,0,31,12,3,2,1,0,28,8,2,2
14,1,0,0,0,0,44,2,1,0,1,0,33,4,1,2
4,0,0,0,0,0,36,0,1,0,1,0,53,3,2,2
4,4,0,0,0,0,17,21,2,2,0,0,44,6,1,2
6,3,0,0,0,0,26,13,1,1,0,0,50,2,0,2
5,4,0,0,0,0,21,20,1,1,0,0,44,4,0,2
5,12,1,2,0,0,7,18,5,11,1,1,21,12,3,2
5,17,1,3,0,0,5,20,4,22,1,1,9,10,1,2
3,0,0,0,0,0,32,0,2,0,1,0,60,2,2,2
4,1,0,0,0,0,35,1,2,0,1,0,53,3,1,2
0,0,0,0,0,0,1,0,0,0,0,0,98,1,1,2
0,1,0,0,0,0,3,8,3,6,0,1,35,37,7,2
7,15,1,2,0,0,12,21,8,11,1,1,14,8,1,2
6,0,0,0,0,0,36,0,1,0,1,0,53,3,1,2
0,0,0,0,0,0,0,0,0,0,0,0,94,1,4,2
0,0,0,0,0,0,3,1,0,0,0,0,93,1,1,2
0,0,0,0,0,0,0,0,0,0,0,0,92,3,5,2
0,0,0,0,0,0,1,0,0,0,0,0,94,3,2,2
0,0,0,0,0,0,4,0,0,0,0,0,91,2,2,2
0,0,0,0,0,0,3,1,0,0,0,0,93,2,1,2
7,1,0,0,0,0,39,2,1,0,0,0,44,4,1,2
0,0,0,0,0,0,1,0,0,0,0,0,97,1,1,2
1,0,0,0,0,0,12,3,0,0,0,0,82,2,1,2
1,1,0,0,0,0,7,7,1,0,0,0,79,4,1,2
0,0,0,0,0,0,9,1,0,0,0,0,84,3,2,2
0,0,0,0,0,0,8,2,0,0,0,0,90,0,0,2
7,5,0,0,0,0,23,21,1,1,0,0,38,4,0,2
6,2,2,0,0,0,34,17,0,0,0,0,38,0,0,2
13,11,2,0,0,0,25,23,2,3,1,0,17,3,0,2
9,11,0,0,0,0,22,25,1,2,0,0,26,2,0,2
10,27,1,1,0,0,11,24,4,8,0,0,10,4,0,2
11,5,0,0,0,0,31,21,1,1,1,0,28,2,0,2
7,23,1,2,0,0,10,27,3,13,0,1,9,4,1,2
7,25,2,1,0,0,10,23,4,11,0,1,10,4,1,2
19,26,1,2,0,0,12,15,4,6,0,1,8,3,1,2
16,31,1,1,0,0,13,21,4,3,0,0,9,2,0,2
12,6,0,0,0,0,27,26,1,1,0,0,26,1,0,2
4,0,0,0,0,0,36,2,1,0,1,0,54,1,1,2
3,0,0,0,0,0,27,3,0,0,0,0,65,2,0,2
6,14,0,1,0,0,9,25,7,11,0,1,16,8,1,2
6,4,0,0,0,0,22,12,9,5,1,0,25,12,5,2
5,11,0,1,0,0,13,23,5,9,0,1,20,11,1,2
7,7,0,1,0,0,21,20,4,6,0,0,23,9,1,2
5,11,0,1,0,0,13,24,5,8,0,1,20,10,1,2
5,17,0,2,0,0,9,24,6,11,0,1,15,9,1,2
4,25,1,1,0,0,3,30,4,5,0,0,19,8,1,2
1,51,1,0,0,0,2,23,0,0,0,0,20,2,1,2
2,0,0,0,0,0,26,0,1,0,0,0,69,1,1,2
41,2,0,0,0,0,38,3,0,0,0,0,16,0,0,2
1,2,0,1,0,0,4,13,3,10,0,1,34,27,6,2
2,1,0,0,0,0,9,5,0,0,0,0,80,3,1,2
1,0,0,0,0,0,11,4,0,0,0,0,81,2,1,2
0,0,0,0,0,0,5,1,0,0,0,0,86,5,2,2
2,2,0,0,0,0,17,12,1,1,0,0,58,7,0,2
13,9,1,1,0,0,23,17,3,6,1,0,19,5,1,2
4,0,0,0,0,0,29,1,1,0,0,0,62,2,0,2
5,1,0,0,0,0,31,2,1,0,0,0,54,5,1,2
4,0,0,0,0,0,30,1,1,0,0,0,61,3,1,2
7,14,0,1,0,0,14,27,4,7,0,0,17,7,1,2
15,1,0,0,0,0,39,11,1,0,0,0,32,1,0,2
14,0,0,0,0,0,43,1,1,0,0,0,39,1,0,2
10,15,0,0,0,0,17,32,2,5,0,0,13,4,1,2
10,19,0,1,0,0,14,35,2,4,0,0,12,3,1,2
3,1,0,0,0,0,19,9,1,1,0,0,58,7,1,2
5,0,0,0,0,0,30,2,1,0,1,0,56,5,1,2
2,0,0,0,0,0,26,1,1,0,0,0,67,2,1,2
1,0,0,0,0,0,18,0,1,0,0,0,76,2,1,2
1,2,0,0,0,0,15,6,1,2,0,0,66,6,1,2
2,1,0,0,0,0,14,6,1,1,0,0,70,6,1,2
2,1,0,0,0,0,16,2,0,0,0,0,76,3,1,2
4,6,1,1,0,0,9,15,8,9,0,1,19,24,5,2
15,6,0,0,0,0,32,18,1,1,0,0,23,2,1,2
13,4,0,0,0,0,33,16,0,0,0,0,31,2,0,2
6,4,0,0,0,0,29,18,1,2,0,0,37,4,0,2
3,0,0,0,0,0,20,2,0,0,0,0,70,2,1,2
2,1,0,0,1,0,20,1,0,0,0,0,73,2,1,2
7,33,1,2,0,0,3,27,5,9,0,0,7,3,2,2
6,18,0,1,0,0,9,35,2,7,0,0,16,4,0,2
13,12,0,0,0,0,20,28,2,3,1,0,17,3,1,2
5,46,2,1,0,0,5,27,1,3,0,0,7,2,1,2
7,23,1,1,0,0,9,33,3,7,1,0,12,4,1,2
2,0,0,0,1,0,28,1,0,0,0,0,67,1,0,2
2,2,0,1,0,0,15,12,5,5,0,0,37,19,2,2
11,3,0,0,0,0,28,13,0,0,0,0,41,2,0,2
4,1,0,0,0,0,28,6,2,0,0,0,52,6,2,2
5,3,0,0,0,0,25,14,3,3,0,0,37,9,2,2
3,4,0,1,0,0,14,16,8,6,1,0,27,19,3,2
4,1,0,0,0,0,27,6,2,1,0,0,50,7,2,2
6,2,0,0,0,0,33,9,2,2,0,0,40,6,1,2
7,1,0,0,0,0,38,4,1,1,0,0,44,4,0,2
3,2,0,0,0,0,17,13,4,2,0,0,42,14,3,2
2,2,0,0,0,0,15,12,2,1,0,0,52,11,2,2
0,0,0,0,0,0,5,1,0,0,0,0,90,1,3,2
2,20,0,0,0,0,5,44,0,0,0,0,27,3,0,2
0,30,0,0,0,0,0,47,0,0,0,0,22,1,0,2
19,1,0,0,0,0,41,2,1,0,0,0,34,1,0,2
20,0,0,0,0,0,42,2,1,0,0,0,34,1,0,2
12,5,0,1,0,0,7,18,2,14,1,1,19,17,2,2
5,3,0,0,0,0,25,9,10,4,1,0,24,17,2,2
4,6,0,1,0,0,13,15,10,9,0,1,21,17,3,2
7,9,1,1,0,0,18,16,9,8,1,1,18,12,2,2
7,26,1,1,0,0,4,29,5,5,0,1,16,4,2,2
13,14,0,0,0,0,16,25,3,3,0,0,22,4,1,2
3,5,1,1,0,0,6,16,3,17,0,1,18,25,5,2
3,5,0,1,0,0,6,17,2,17,0,1,19,24,5,2
17,8,0,0,0,0,24,24,1,2,0,0,23,2,0,2
1,30,0,0,0,0,0,54,0,3,0,0,12,1,0,2
23,5,0,0,0,0,38,11,0,0,0,0,18,4,0,2
19,4,0,0,0,0,38,13,1,0,0,0,22,1,1,2
10,5,0,0,0,0,25,22,2,2,0,0,32,3,0,2
14,1,0,0,0,0,42,5,1,0,0,0,35,2,1,2
12,11,0,0,0,0,24,27,1,3,0,0,20,2,0,2
11,31,1,1,0,0,5,34,2,4,0,0,10,3,0,2
15,15,0,0,0,0,23,29,1,2,0,0,14,2,0,2
2,30,0,0,0,0,0,54,0,2,0,0,11,1,0,2
2,24,0,0,0,0,2,51,0,3,0,0,15,2,1,2
9,23,0,0,0,0,12,28,5,5,0,0,14,5,0,2
2,22,0,0,0,0,5,44,0,2,0,0,23,2,0,2
8,4,0,0,0,0,34,14,1,1,0,0,35,2,0,2
7,3,0,0,0,0,31,16,3,1,1,0,32,5,1,2
1,0,0,0,0,0,21,1,1,0,0,0,74,1,1,2
1,0,0,0,0,0,7,1,0,0,0,0,89,2,1,2
0,0,0,0,0,0,2,0,0,0,0,0,95,2,1,2
6,27,2,1,1,0,5,34,5,9,1,0,6,3,1,2
6,15,0,0,0,0,16,30,0,18,0,0,10,5,0,2
6,18,2,1,0,0,6,32,4,13,0,0,11,6,1,2
7,23,0,0,0,0,16,29,3,13,0,0,8,0,0,2
8,22,0,0,0,0,10,29,4,9,0,0,11,6,1,2
5,28,1,1,0,0,4,38,7,7,0,0,5,3,1,2
4,30,2,2,1,0,4,36,4,6,0,0,8,3,0,2
9,30,2,1,0,0,7,24,6,11,1,0,6,3,0,2
8,35,0,0,0,0,6,30,6,7,0,0,7,1,0,2
8,24,0,0,0,0,11,30,12,6,0,0,7,1,0,2
13,30,0,0,0,0,13,32,0,0,0,0,11,2,0,2
5,15,0,0,0,0,11,48,0,0,0,0,18,3,0,2
8,4,0,0,0,0,29,24,1,2,0,0,28,2,0,2
9,4,0,0,0,0,30,24,2,1,0,0,27,2,0,2
8,5,0,0,0,0,26,26,2,3,0,0,27,3,0,2
10,7,0,1,0,0,20,30,2,3,0,0,23,4,0,2
9,7,0,0,0,0,20,30,2,3,0,0,23,5,0,2
6,25,2,3,1,0,5,35,6,7,0,1,4,3,1,2
5,13,0,2,0,0,10,21,7,17,1,1,9,11,1,2
7,22,1,0,0,0,7,30,6,11,0,0,8,6,1,2
9,24,2,2,1,0,8,36,5,3,0,0,8,2,1,2
12,15,0,0,0,0,22,24,3,5,1,0,15,2,0,2
12,7,0,0,0,0,29,25,2,1,1,0,22,2,0,2
12,6,0,1,0,0,32,21,2,1,0,0,24,2,0,2
13,5,0,0,0,0,28,27,0,0,0,0,24,2,0,2
11,4,0,0,0,0,35,19,1,1,0,0,25,2,0,2
11,8,0,0,0,0,20,30,3,3,0,0,22,4,0,2
10.8,12.7,0.5,0.5,0.1,0.2,12.5,10.2,4.5,5.8,0.6,1.5,20.5,13,6.5,0
12.8,13.8,0.7,0.6,0.1,0.2,13.8,10.6,4.2,4.2,0.6,1,23.1,9.6,4.7,0
13.7,13.5,0.5,0.5,0.1,0.1,14.7,11.3,4.1,3.9,0.6,0.8,22.7,9.4,4,0
13.6,14.3,0.6,0.5,0.1,0.2,14.5,10.8,4.3,3.9,0.6,0.9,22.7,9.1,3.9,0
13.3,13.8,0.6,0.5,0.2,0.2,14.4,11,4.4,4,0.6,0.9,22.8,9.1,4.3,0
12.6,14.2,0.5,0.5,0.1,0.2,14.3,11.4,4.4,4.3,0.6,1,22.2,9.3,4.3,0
13.7,13.8,0.6,0.5,0.1,0.2,14.8,11.2,4.3,4,0.6,0.9,22.3,9,4,0
13,12.3,0.6,0.5,0.1,0.2,15.3,10.9,4.4,4,0.6,0.9,24.1,9.1,4,0
13.7,14,0.5,0.5,0.1,0.2,15.3,10.8,4.6,3.9,0.7,1,22.4,8.5,3.7,0
14.2,15.9,0.6,0.7,0.2,0.2,12.3,10,4.8,4.6,0.6,1.4,21,9.2,4.3,0
13.2,14.2,0.6,0.6,0.2,0.2,14.7,11,5.2,5,0.7,1.3,22.6,10.4,0,0
14.7,19.2,0.6,0.6,0.2,0.2,11,9.2,5,5.3,0.7,1.7,17.6,9.4,4.6,0
14.1,18.3,0.6,0.6,0.2,0.2,11.4,9.8,4.6,4.8,0.6,1.4,19,9.8,4.6,0
13.8,16.7,0.7,0.6,0.2,0.2,12,9.9,4.9,4.7,0.8,1.3,19.1,10.3,4.8,0
14.5,18.3,0.7,0.7,0.2,0.2,11.3,9.3,4.8,5.4,0.7,1.6,17.8,9.7,4.8,0
13.8,16.7,0.6,0.6,0.2,0.2,11.7,9.7,4.8,5.2,0.7,1.5,19,10.3,5,0
12.9,15.4,0.6,0.6,0.2,0.2,12.5,10,4.6,4.7,0.7,1.2,21.3,10.3,4.8,0
14.8,18.4,0.6,0.6,0.2,0.2,10.3,9,4.9,5.5,0.7,1.8,18.1,10,4.8,0
15.1,20.7,0.7,0.7,0.2,0.2,9.4,8.6,4.9,6.2,0.7,2,16.5,9.4,4.7,0
16.5,20.1,0.7,0.8,0.3,0.3,9.3,8.5,4.9,6.2,0.7,2.1,16.2,8.9,4.4,0
16.4,21.4,0.7,0.8,0.2,0.3,9.1,8.1,4.8,6.6,0.7,2.4,14.7,9.2,4.6,0
18.7,20.3,0.6,0.7,0.2,0.3,8.7,7.5,4.8,6.9,0.7,2.8,14.4,8.9,4.5,0
12,15,0.5,0.6,0.1,0.2,9.8,8.9,4.3,6.7,0.6,1.9,17.2,14.5,7.6,0
11.3,15.1,0.6,0.6,0.2,0.2,10.1,9.1,5.1,6.8,0.8,2.1,17.8,13.2,7.1,0
12.9,15.8,0.6,0.6,0.1,0.2,11.6,9.8,4.9,6,0.7,1.7,18.3,11.1,5.6,0
12.6,16.4,0.6,0.6,0.1,0.2,11.2,9.4,4.9,6,0.7,1.8,18.4,11.3,5.8,0
12.8,16.5,0.6,0.6,0.1,0.2,10.9,9.1,4.6,5.4,0.7,1.5,19,11.8,6.2,0
12.8,13.1,0.7,0.5,0.2,0.2,14,10.1,4.6,4,0.7,1,23.5,9.9,4.8,0
14.5,17.1,0.7,0,0.1,0.2,10.8,8.8,4.7,5.3,0.7,1.7,18,11.2,6.2,0
14.4,21.3,0.7,0.7,0.2,0.3,8.5,7.7,4.8,5.9,0.8,1.9,15,11.6,6.2,0
14.1,19.6,0.7,0,0.1,0.2,9.5,8.4,5.1,6.3,0.7,2,15.5,11.6,6.2,0
13.7,19.5,0.7,0.7,0.1,0.2,8.6,8.4,5,6.5,0.7,2.1,15.1,12.1,6.5,0
14.5,19.4,0.6,0.6,0.1,0.2,8.8,8,4.7,6.3,0.7,2.1,15.9,11.7,6.3,0
14.8,20.8,0.7,0.7,0.1,0.3,8.6,8.1,5,6.3,0.7,2.1,14.8,11.1,5.9,0
14.3,18.9,0.6,0.7,0.1,0.2,9.1,8.5,4.6,5.9,0.7,1.9,16.5,11.8,6.2,0
14.4,20.3,0.7,0.7,0.1,0.2,8.1,8,4.9,6.5,0.7,2.2,15,11.7,6.4,0
14.5,20.6,0.7,0.8,0.2,0.2,8.1,8,5.1,6.7,0.7,2.2,14.6,11.4,6.1,0
14.8,21.8,0.7,0.9,0.2,0.3,7.4,7.7,5,7,0.8,2.5,13.8,11.1,6.1,0
14.4,21.5,0.8,0.9,0.2,0.3,7.5,7.8,5.3,7.4,0,2.6,14.1,11.2,6.1,0
16.4,22.3,0.8,0.9,0.2,0.3,7.1,7.4,5,7,0.7,2.5,13.1,10.5,5.8,0
14.7,20.9,0.8,0.8,0.2,0.3,7.4,7.5,5,7.2,0.7,2.5,14.8,11.3,5.9,0
15.2,21.1,0.7,1,0.2,0.3,7.2,7.5,5,7.9,0.8,2.7,14,10.7,5.7,0
15.7,19.6,0.8,0.9,0.3,0.3,7.2,7.2,4.4,7.4,0.6,2.3,17.2,10.5,5.5,0
15.3,21.1,0.8,0.9,0.2,0.3,7.3,7.5,4.6,8.5,0.7,2.6,13.8,10.9,5.6,0
6.6,22.3,0.6,1.6,1.6,1.1,5.7,8.5,3,10.7,0.5,4.4,21.7,7.8,3.9,0
8.6,33.9,0.6,2.6,0.4,1.4,5.2,7.7,1.9,9.7,0.4,3.3,15.3,6.2,3,0
11,32.7,0.4,1.8,0.2,1.1,4.8,7.4,3,7.9,0.5,3.1,15.8,7,3.5,0
10.6,30,0.4,2.5,0.2,1.7,4.8,7.6,2.5,11.9,0.5,4.3,12.5,7.1,3.4,0
11.2,36.6,0.5,1.9,0.2,1,4.2,7.2,2.7,8,0.5,2.9,13.5,6.3,3.3,0
12.1,35.9,0.4,1,0.2,0.4,4,7.6,2.6,7.4,0.4,3.1,15.4,6.1,3.5,0
11.1,40.2,0.4,0.7,0.5,0.4,3.7,7.2,2,7.7,0.3,3,14.4,5.6,2.7,0
13.3,37.6,0.7,2.2,0.2,1,3.3,6.7,3,6.9,0.6,3.1,12.8,5.7,3,0
17.5,31.2,0.8,2,0.2,1.2,3.6,6.3,2.4,10.7,0.4,3.9,13.3,4.5,2,0
14.3,26.2,0.8,2,0.3,1.2,5,7,3.5,12.3,0.6,4.9,14.8,4,3.1,0
13.4,23.9,0.7,1.5,0.2,0.8,6.6,7.2,3.3,10.2,0.7,3.9,16.3,7.7,3.7,0
15.6,22.1,0.9,1.9,0.2,1.1,5.9,6.4,3.3,14,0.5,5,13.1,5.5,4.6,0
12,20.2,0.8,2,0.2,1.4,4.6,5.8,3.8,16,0.5,6.3,11.8,9.7,5,0
12,21.2,0.7,2.2,0.2,1.7,4.6,6.4,3.1,13.9,0.5,5.6,15.2,8.6,4.1,0
14,25.6,0.8,1.6,0.2,1.2,5,6.5,3.1,12,0.6,4.8,13.2,7.6,3.8,0
20,13,1,1,0.1,0.1,24,12,3,2,0.4,0.3,20,3,1,0
11,10,0,1,0.1,0.1,25,15,2,2,0.3,0,30,3,1,0
18,11,1,1,0.1,0.2,25,12,3,2,0.4,0,23,3,1,0
18,12,1,1,0.1,0.1,25,13,3,2,0.4,0.3,22,3,1,0
23,8,1,1,0.1,0.2,25,9,5,2,0.4,1,20,3,1,0
22,10,1,1,0.1,0.2,25,9,5,2,0.4,1,21,3,1,0
15,8,1,1,0.1,0.3,21,9,5,3,1,1,29,4,1,0
10,8,1,1,0.2,0.3,21,10,3,4,0.4,1,35,4,1,0
11,9,1,2,0.2,0.4,18,10,2,7,0.5,2,33,4,1,0
9,8,0.4,1,0.1,0.2,22,10,3,2,0.2,1,39,3,1,0
8,11,0.2,0.4,0.03,0.1,23,9,2,1,0.2,0.3,42,2,1,0
9,6,1,1,0.1,0.2,23,8,3,3,0.3,1,40,4,1,0
9,11,1,2,0.1,0.6,17,9,6,5,1,2,31,5,1,0
31,5,0.3,0,0.1,0.02,34,7,1,1,0.3,0.1,19,2,0.3,0
33,5,0.5,0,0.1,0.04,33,5,1,1,0.3,0.1,19,2,0.3,0
32,6,1,1,1,0.1,28,5,2,1,1,0.1,20,2,1,0
40,6,1,0,0.2,0.1,29,6,1,1,0.3,0.1,14,1,0.3,0
27,7,1,1,0.2,0.2,27,7,4,2,0.4,1,19,3,1,0
27,8,2,1,0.4,0.1,25,7,4,2,1,1,20,3,1,0
18,7,1,1,0.2,0.2,25,8,5,2,1,1,28,3,1,0
18,7,1,1,0.2,0.2,25,8,4,2,0.5,1,27,3,1,0
19,11,0.5,1,0.1,0.1,26,11,3,2,0.4,0.3,22,3,1,0
20,10,0.4,0.4,0.1,0.1,29,10,2,2,0.3,0.2,23,2,1,0
17,9,0.4,0.5,0.1,0.1,26,11,3,2,0.3,0.4,26,3,1,0
20,10,0.3,0.4,0,0,29,10,2,2,0.3,0.2,22,2,1,0
20,8,0.3,0.3,0.1,0.1,31,9,2,1,0.3,0.1,25,2,0.5,0
19,7,0.3,0.4,0,0,32,9,2,1,0.2,0.2,26,2,1,0
19,9,0.4,1,0.1,0.1,27,10,3,2,0.4,0.4,23,3,0.7,0
16,7,0,0,0,0,30,11,0,0,0,0,36,0,0,0
20,7,1,0.5,0.1,0.1,26,9,4,2,1,1,24,3,1.1,0
20,7,1,0.4,0.1,0.2,26,9,5,2,0.4,1,24,4,1,0
18,6,0,0,0,0,33,8,0,0,0,0,32,2,0,0
34,21,0,0,0,0,19,9,0,0,0,0,16,0,0,0
24,13,0,0,0,0,26,13,0,0,0,0,25,0,0,0
17,5,0,0,0,0,37,6,0,0,0,0,35,0,0,0
16,5,0,0,0,0,31,8,1,2,0,0,33,3,0.8,0
16,6,0,0,0,0,30,7,3,1,0,0,32,3,1.3,0
18,6,0,0,0,0,35,10,0,0,0,0,31,0,0,0
29,5,1,0.4,0.1,0.04,31,7,2,1,0.4,0.1,20,2,0.5,0
30,6,0.4,0.2,0.1,0.1,31,6,2,1,0.5,0.1,20,2,0.5,0
30,8,1,0.5,0.2,0.1,28,7,2,1,1,0.2,19,2,1,0
32,6,0.5,0.3,0.1,0.1,33,7,2,1,0.3,0.1,17,2,0.3,0
22,6,1,0.5,0.3,0.2,26,7,4,2,0.5,1,23,4,1,0
24,6,1,1,0.3,0.2,26,8,5,2,1,1,22,3,1,0
19,8,1,1,0,0,28,7,3,1,1,0.3,27,3,1.2,0
19,7,0,0,0,0,32,7,2,1,0,0,31,2,0,0
1.2,1.7,0,0,0,0,7.6,8.6,1.4,2,0.3,0.3,63.4,10.4,3,0
0.9,1.8,0,0,0,0,7.1,8.6,1.1,1.5,0.2,0.2,66.3,9.4,3.1,0
0.9,1.4,0,0,0,0,6.6,8,1,1.4,0.2,0.2,67.7,9.6,3.1,0
0.9,1.6,0,0,0,0,6.8,8.7,1,1.4,0.2,0.2,67.8,8.8,2.8,0
3.3,4.6,0,0,0,0,6,7.5,1,1.2,0.6,0.4,54.9,12.6,7.8,0
0.8,1.3,0,0,0,0,6.4,7.8,0.9,1.1,0.2,0.2,68.6,9.4,3.4,0
1,1.5,0,0,0,0,6.8,7.9,1.1,1.5,0.2,0.2,68.2,8.8,2.8,0
0.9,1.5,0,0,0,0,6.6,8.4,0.9,1.2,0.2,0.2,66.7,9.6,3.8,0
0.9,1.5,0,0,0,0,6.8,8.6,0.9,1.3,0.1,0.2,67,9.2,3.3,0
1.1,1.5,0,0,0,0,6.2,8.3,0.9,1.3,0.1,0.2,62.9,11.8,5.7,0
1,1.5,0,0,0,0,6.2,8.7,0.9,1.1,0.1,0.2,64.6,10.9,4.8,0
1.2,1.5,0,0,0,0,6,8.2,0.8,1.1,0.1,0.2,60.6,13.4,6.7,0
1.3,1.5,0,0,0,0,6.7,8.6,0.9,1.2,0.1,0.2,63.3,11.5,4.8,0
1.4,2,0,0,0,0,5.6,8.6,0.7,1,0.1,0.2,64.5,11.5,4.5,0
0.9,1.5,0,0,0,0,6.2,8.7,0.9,1.2,0.1,0.2,66.7,10.1,3.5,0
2.4,3.6,0,0,0,0,5.3,6.3,5.7,5.4,1.6,3.8,43.2,13.1,9.5,0
0.9,1.2,0,0,0,0,7.5,8.1,0.9,1.1,0.2,0.2,69.3,8.3,2.4,0
0.9,1.4,0,0,0,0,6.3,8.1,0.8,1.1,0,0.1,67,10.4,3.8,0
1.5,1.9,0,0,0,0,6.3,7.1,0.8,1.3,0.2,0.4,57.9,14,8.6,0
2.2,2.8,0,0,0,0,6.9,7.2,0.9,2,0.4,0.6,50,15.5,11.4,0
2.3,3,0,0,0,0,7,7,1,2.1,0.5,0.6,48.9,15.7,11.9,0
2.3,4.2,0,0,0,0,6.6,7.1,1,3.2,0.7,0.8,42.9,17.2,14,0
2.3,4.4,0,0,0,0,5.9,6.6,1.2,3.7,0.8,0.9,41.6,17.7,14.9,0
1.9,4.2,0,0,0,0,5.3,6.2,1.2,3.7,0.6,0.8,43.6,18.1,14.5,0
2.5,3.5,0,0,0,0,4.2,4.5,4.5,3.6,2.1,0.9,29.2,23.4,21.5,0
2,4.4,0,0,0,0,3,5.8,2.9,4.9,1.4,0.6,28.8,25.6,20.6,0
2.5,3.9,0,0,0,0,5.8,7.2,3.9,2.7,1.3,1.3,56.8,9.4,5.2,0
2.6,3.2,0,0,0,0,4.2,3.6,9.7,3.1,0.7,0.8,32.6,23.9,15.6,0
2.3,3.4,0,0,0,0,4.5,4.8,3.9,3.1,0.9,0.7,35.5,23.7,17.1,0
2.1,2.8,0,0,0,0,3.5,4.1,4.4,3.3,1,0.8,31,26.9,20.1,0
2.1,2,0,0,0,0,8.4,7.8,1.1,1.5,0.2,0.4,56.2,16.5,3.6,0
2.3,2.8,0,0,0,0,8,7,1,1.7,0.3,0.6,45.2,17,14,0
2.4,3.1,0,0,0,0,7.8,7,1.1,2.2,0.4,0.7,42.1,18.1,15.2,0
3.2,4.6,0,0,0,0,7.4,7.1,1.4,3.5,0.6,0.6,34.4,19.7,17.5,0
3.6,5.6,0,0,0,0,7.6,8.4,1.4,4.2,0.8,0.8,32.1,19.1,16.5,0
3.9,6.1,0,0,0,0,8,8.6,1.5,4.1,0.8,0.9,32.1,18.4,15.7,0
3.5,6.1,0,0,0,0,7.2,8.1,1.4,4.6,0.7,0.9,33.8,18.4,15.2,0
2.9,6.4,0,0,0,0,6.7,8,1.4,4.6,0.7,1,34.4,18.4,15.4,0
2.8,6.8,0,0,0,0,6.3,8.3,1.3,4.3,0.6,0.9,35.2,18.5,15,0
2.8,6.1,0,0,0,0,6.4,8.7,1.3,3.7,0.4,0.9,38.6,17.4,13.6,0
5.9,12.6,0,0,0,0,6.1,8.5,1.5,3.1,0.4,0.6,37.9,13.5,9.8,0
2.5,6.9,0,0,0,0,7.1,9.4,1.9,3.6,0.7,0.8,45.6,12.9,8.5,0
3.4,7.5,0,0,0,0,7.2,8.6,4.3,4,1.8,1.2,40.6,12.5,8.9,0
11,15,1,4,0,2,10,7,3,11,1,4,23,5,2,0
13,16,1,2,0,1,10,7,1,12,1,4,24,5,2,0
8,9,1,1,0,1,7,5,1,9,1,3,16,37,2,0
9,12,1,2,0,1,8,6,1,12,1,4,18,24,3,0
10,11,1,2,0,1,11,6,2,12,1,3,19,19,2,0
13,9,1,2,0,2,13,7,2,14,1,3,20,9,3,0
11,8,1,2,0,1,10,6,4,11,1,4,20,17,3,0
9,7,1,2,0,1,12,8,3,9,1,3,21,22,2,0
10,8,1,1,0,1,15,10,2,7,0,3,24,17,2,0
11,9,1,1,0,0,16,13,4,4,0,2,25,12,1,0
12,9,0,1,0,0,18,14,2,3,0,1,28,11,1,0
16,9,0,1,0,0,22,11,3,3,0,1,26,6,1,0
15,7,0,1,0,0,23,10,3,3,0,1,30,5,1,0
13,6,0,1,0,0,20,6,3,2,1,1,34,10,2,0
8,5,0,1,0,0,13,0,3,2,1,1,56,6,3,0
6,4,0,1,0,0,17,4,3,2,1,0,49,8,4,0
13,6,0,0,0,0,20,8,3,2,0,1,31,13,2,0
13,6,0,0,0,0,26,9,3,2,0,0,35,3,2,0
15,6,0,0,0,0,25,9,3,2,0,0,31,6,1,0
16,6,0,0,0,0,25,9,3,2,0,0,30,5,1,0
18,7,0,0,0,0,26,8,3,2,0,0,30,2,1,0
19,7,0,0,0,0,26,8,3,2,0,0,29,2,1,0
15,6,0,0,0,0,26,9,3,2,0,0,31,5,1,0
15,5,0,0,0,0,24,6,3,1,1,0,36,7,2,0
13,5,0,0,0,0,23,7,2,2,1,0,38,6,2,0
14,5,0,1,0,0,24,7,2,1,1,0,37,6,2,0
14,5,0,0,0,0,24,6,3,1,1,0,36,8,2,0
14,4,0,0,0,0,24,6,3,1,1,0,38,7,2,0
13,4,0,0,0,0,25,4,3,1,1,0,38,7,2,0
15,5,0,1,0,0,25,6,2,1,1,0,37,5,2,0
14,5,0,1,0,0,24,7,2,2,0,0,36,6,2,0
14,6,0,0,0,0,24,8,3,2,0,0,35,6,2,0
9.5,4.5,0.4,0.4,0,0,20.8,5.9,4.5,2.2,0.8,0,39.7,8.1,3.2,0
9.7,4.9,0.5,0.6,0,0,23.9,6.5,4.5,2.6,0.8,0.5,36.1,7,2.4,0
8.5,4.8,0.4,0.6,0.1,0,25.4,6.4,4.9,2.6,1,0.3,35,7.3,2.6,0
10.9,6.3,0.6,0.8,0.2,0,25.8,8.1,5.7,3.2,1.1,0.3,27.4,7.5,2.3,0
9.1,4.8,0.5,0.5,0.1,0.1,26.7,6.6,5.4,3.2,1,0.4,31.2,7.8,2.6,0
8.6,5.1,0.4,0.5,0.1,0.1,24.1,7.8,5.2,3.2,1,0.4,33.5,7.4,2.6,0
9.4,5.2,0.5,0.7,0.1,0,26.3,6.7,4.7,2.2,1,0.3,33.7,6.9,2.3,0
10.3,5.3,0.4,0.5,0,0,22.6,7.3,4.2,2.6,0.8,0.3,35.7,7.4,2.6,0
9.8,5.9,0.6,0.7,0.2,0.2,22.8,9.1,5,3.6,1,0.4,31.2,7.3,2.4,0
9.3,4.6,0.4,0.5,0.1,0.1,25.9,8.6,4.8,3.3,0.8,0.4,31.5,7.3,2.4,0
9.5,5,0.6,0.6,0.2,0,23.3,7,8.1,2.9,2,0.4,25.3,11.4,3.8,0
10.3,6.2,0.6,0.7,0.2,0,24.2,7.3,5.7,3.5,1,0.5,29.4,7.7,2.7,0
9.7,2.8,0.4,0.2,0,0,24.7,4.8,2.8,1.4,0.7,0.1,44.1,6.1,2.3,0
8.7,6,0.3,0.5,0,0,20.4,6.7,3.8,2.7,0.7,0.2,39.1,8.4,2.4,0
8.5,5.4,0.5,0.6,0.1,0.1,24.3,7.6,5,3.5,0.9,0.3,34.2,6.9,2.1,0
9.1,5.6,0.5,0.8,0,0,24.2,6.8,3.9,3.2,0.7,0.3,35.2,7.7,2.1,0
9,4.1,0.4,0.5,0.1,0.1,26.4,7.8,4.3,3,0.8,0.3,33.9,7.4,1.9,0
8.8,5.6,0,0,0,0,24.5,6.8,4.6,2.7,0.9,0.3,36.5,7,2.2,0
9.1,6.2,0.5,0.8,0.1,0,22.9,7.8,4.5,3.5,0.8,0.3,34.2,7.4,1.8,0
11.3,5.3,0,0,0,0,21.9,7.5,5,2.9,1.2,0,34.2,8.4,2.3,0
9.4,5.4,0,0,0,0,25.8,6.8,4.7,2.5,0.9,0.5,33.5,7.8,2.6,0
10.7,6,0,0,0,0,24.7,8.2,5.3,3.2,1,0.4,30.4,7.7,2.5,0
9,4.6,0.5,0.5,0,0,25.6,6.6,4.4,2.5,0.9,0.3,35.6,7.4,2.2,0
9.7,4.5,0,0,0,0,24.7,6.9,4.7,2.9,0.9,0.4,35.3,7.7,2.4,0
10.1,5.8,0,0,0,0,23.6,7.8,4.7,2.9,0.9,0.4,33.4,8.1,2.3,0
9.4,4.1,0.3,0.3,0,0,25.7,6.5,6.6,2.6,1.3,0.4,28.4,10.9,3.4,0
7.7,4,0,0,0,0,24.7,7.3,4.1,2.4,1,0.4,38.4,7,2.9,0
7.8,3.5,0,0,0,0,24.1,6.1,3.8,2.1,1.1,0.4,42.6,6.1,2.4,0
7.3,4.2,0.4,0.6,0.1,0.2,21.3,8,4.8,4.6,0.8,1,35.6,7.8,3.2,0
8.2,5,0.4,0.6,0.1,0.1,21.4,8.8,4.7,4.3,0.8,0.8,34,7.7,3,0
8.7,5.3,0.5,0.7,0.1,0,21.9,7,4.5,3.8,0.8,0.7,35,7.7,3.1,0
7.2,4.5,0.4,0.6,0,0,18.9,8.2,4.4,5,0.7,1,37.1,8.4,3.6,0
7.7,5.3,0.5,0.7,0,0,20.2,6.6,4.7,4.3,0.8,1,36.5,8.2,3.6,0
8.7,5.7,0,0,0,0,20.4,7.7,5,4.4,0.8,1,34.7,8.4,3.2,0
8.2,5.2,0,0,0,0,19.6,7.8,5.3,5.3,0.8,1.4,30.8,11.2,4.2,0
8.9,6.1,0,0,0,0,17.9,7.5,5.5,6.2,0.7,1.8,28.7,12,4.7,0
9.3,7.1,0,0,0,0,15.9,7.8,5.4,5.9,0.8,1.4,30.7,11.3,4.5,0
9.1,5.5,0,0,0,0,20.9,6.8,5.5,5.7,0.9,1.2,29.8,10.6,4.2,0
9.2,5.8,0,0,0,0,22,6.7,7.2,4.6,1,1.2,28.8,9.8,3.6,0
8.7,5.2,0,0,0,0,22.1,7,7,5.3,1.1,1.4,28.1,10.4,3.8,0
9.3,5.9,0,0,0,0,20.4,6.3,7,6.5,1,1.7,26.9,10.3,4.6,0
11.9,5.6,0.7,0.8,0.2,0.2,23.6,9.2,8.9,4.2,1.5,0.7,20,9.9,2.8,0
10.2,5.3,0,0,0,0,21.3,6.9,6.6,5.4,1,1.7,27.2,10.5,4,0
9.7,5.3,0,0,0,0,21,7.9,8.5,5.5,1.1,1.5,25.7,10.3,3.5,0
9.1,5.2,0,0,0,0,19.3,7.3,9.4,5.1,1,1.7,27.4,10.8,3.7,0
9.3,4.9,0,0,0,0,23.2,7.3,8.1,5.2,1.1,1.4,26.1,9.8,3.5,0
8.9,4.7,0.5,0.6,0,0,20.4,7.2,5.4,4,0.8,0.9,34.5,8.2,3.8,0
8.9,5.8,0,0,0,0,19.4,6.2,9.9,6.8,1.3,2.3,24.4,10.9,4.1,0
8.9,5.9,0,0,0,0,17.5,7.7,8.5,7,1.1,2.2,23.5,12.5,5.3,0
8.9,6.8,0.5,0.9,0,0,19.4,6.8,6.8,9.1,0.8,2.4,23.2,10.2,4.1,0
8.7,7.6,0,0,0,0,17,7,6.2,9.7,0.9,2.5,26.1,10.6,3.9,0
9.2,8.1,0,0,0,0,16.5,8.2,6.4,7.7,0.8,2.1,25.4,11.3,4.3,0
9,7.6,0.9,1,0,0,16.7,7.4,5.8,8.6,0.8,2,26.2,10.3,3.7,0
7.5,7,0.5,0.8,0,0,15.2,7.3,6.7,8.6,0.7,2.1,27.9,11,4.5,0
8.7,7.2,0.6,0.9,0,0,17.3,6.5,7.3,8.1,0.9,2,25.6,10.7,4.2,0
8.8,6.6,0.5,0.8,0,0,17.2,8.1,7.4,8.3,0.8,2.1,24.5,10.6,4.3,0
8.8,7.5,0,0,0,0,16.8,8.1,7.8,7.5,0.8,2.4,25.4,10.9,3.9,0
7.5,6.4,0.5,0.8,0,0,14.8,7.9,6.1,8.1,0.8,1.9,31,10.1,4.2,0
7.1,6.9,0.6,1,0.1,0.3,14.6,7.2,6.8,7.8,0.7,1.9,31.6,9.4,4.1,0
7.9,6.5,0.6,1,0,0,14.7,7.4,6.3,7.3,0.8,1.8,31.2,10.4,4.2,0
7.5,6.9,0.7,1,0,0,14.3,7,7.3,7.2,0.8,1.9,30.5,10.7,4.3,0
7.3,6.3,0.5,0.7,0,0,15,7,6.1,7.3,0.7,1.7,32.6,10.6,4.3,0
7.8,7.1,0.6,1.1,0,0,15.3,6.1,5.6,7.8,0.7,1.9,31.4,10.2,4.2,0
8,6.5,0.6,0.9,0,0,17.7,6.8,5.8,5.6,0.8,1.5,32.4,9.6,3.9,0
7.7,7.6,0.6,1.1,0,0,14.7,6.4,6.1,7.2,0.8,1.7,32.6,9.2,4.4,0
6.8,5.9,0.5,0.7,0,0,15.9,6.2,6,6.2,0.7,1.4,35,10.3,4.5,0
6.8,6,0.5,0.9,0,0,15.4,6.1,6.7,5.1,0.7,1.4,35.8,10.4,4.2,0
7.3,6.5,0.5,1,0,0,15.4,5.1,5.7,5.5,0.8,1.4,34.6,11.3,4.7,0
6.9,6.1,0.5,0.9,0,0,16.5,5.3,6.3,4.6,0.7,1.3,36.8,9.5,4.6,0
6.6,5.6,0.4,0.8,0,0,15.8,6,6.2,6.1,0.8,1.3,35.7,10.1,4.5,0
6.8,6.1,0.4,0.7,0,0,15.1,6.3,5.5,6.2,0.7,1.3,36.5,9.9,4.5,0
7.4,6.9,0.6,1,0,0,16.2,5.3,5.5,6.5,0.8,1.5,34,10.2,4.2,0
7.7,7.6,0,0,0,0,14.8,6.3,7,6.8,0.7,1.7,31.9,10.3,5.2,0
7.4,7.1,0,0,0,0,15.1,5.6,6.4,6.9,0.7,1.6,31.9,12.2,4.9,0
7.3,7,0.7,1.4,0,0,12.8,5.2,5.2,5.6,0.7,1.3,34.5,12.2,6.1,0
7,5.5,0.5,0.9,0,0,15.9,5.5,6.6,5.5,0.9,1.4,34.9,10.5,4.9,0
7,6.2,0.6,0.9,0,0,17,5,6.8,5.7,0.8,1.4,33.3,10,5.3,0
6.9,5.9,0.5,0.8,0,0,16,5.4,6.2,6.2,0.8,1.3,34,10.6,5.3,0
7.2,6.9,0.5,0.9,0,0,15.1,6.1,6.5,5.2,0.8,1.3,34.1,10.4,4.9,0
7.8,7.3,0.5,0.9,0,0,16.1,6.3,5.8,6.2,0.8,1.4,31.8,9.9,5.2,0
6.7,7.1,0.5,1,0,0,14.8,5.8,6.8,5.6,0.8,1.3,32.3,11.7,5.4,0
7.6,7.2,0.6,0.9,0,0,15,5.1,6.1,5.9,0.7,1.4,34.8,9.9,4.9,0
7.6,7,0.5,0.8,0,0,15.2,6.3,6.2,7.4,0.7,1.6,32.9,9.2,4.5,0
7.2,6.5,0.5,0.8,0,0,15.9,6.3,6.2,6.7,0.8,1.6,34,9.1,4.5,0
8,7,0.7,1,0,0,15.8,5.9,6.5,7.2,0.7,1.8,32.1,9.5,4,0
7.9,7.6,0.7,1,0,0,14.5,6.8,7,7.1,0.8,1.8,30.9,10.1,4,0
7.3,7,0.6,0.7,0,0,14.8,6.6,6.2,8.2,0.7,1.9,31.6,10.2,4.3,0
8.8,8.3,0.7,1.2,0,0,14.5,7.3,7.8,8.4,0.7,2.1,25.6,10.3,4.2,0
10.8,5.8,0,0,0,0,21.4,8.7,7.3,3.7,1.2,0.6,25.4,11.8,3.2,0
9.8,10.3,0.6,1.1,0,0,13.1,6.5,6.6,7.1,0.7,1.5,28.4,9.8,4.4,0
9.6,6.7,0.5,0.8,0,0,18.2,7.3,7.5,6.5,0.9,1.4,27,10.1,3.7,0
10,4.6,0.5,0.5,0,0,24.2,7.1,6.6,3.5,1.3,0.6,25,12.3,4,0
10.2,7.7,0.6,1.1,0,0,16.3,7.8,8.4,6.7,1,1.6,23,11.8,3.9,0
10,8.9,0,0,0,0,17.9,6.8,7.2,7,0.9,1.9,25.2,10.3,4.1,0
9.4,10.7,0,0,0,0,11.8,7.1,7.2,10.6,0.8,2.8,23.7,11.2,4.7,0
11,7.6,0,0,0,0,18.5,7.3,7.2,7.2,1,1.8,25.3,9.2,3.8,0
9.1,9.9,0.7,1,0,0,10.9,5.9,8.2,10.8,0.8,3,23.9,11.1,4.7,0
8.6,9.9,0.8,1.2,0,0,9.7,6.8,8.8,12.8,0.7,3.5,20.4,11.6,5.1,0
7.1,8.2,0.7,1.1,0,0,10,6.6,8.9,12.1,0.9,3.7,23.5,11.9,5.4,0
8.6,10.1,0,0,0,0,11.5,6.9,7.7,10.6,0.9,3.2,24.9,10.7,5.2,0
7.8,7.7,0,0,0,0,16.5,6,6.2,7.9,0.8,2.3,30.2,10.3,4.2,0
7.2,9.4,0.6,1,0.1,0.4,10.5,6.5,7.2,11.7,0.8,3.4,24.2,11,5.8,0
7.3,10,0.8,1.4,0,0,9.1,6.4,7.7,11.8,0.9,3.4,23.8,11.3,5.9,0
7.4,9.6,0.6,1.1,0,0,11.5,5.8,7.7,9.9,0.7,2.9,27.8,10.2,4.8,0
7.8,10.3,0.9,1.5,0,0,9.5,6.5,7.4,10.3,0.7,3.1,26.8,10.2,5,0
7.6,10.5,0,0,0,0,9.7,7.4,7.1,10.2,0.6,2.8,28.2,10.7,5.1,0
7.3,9.8,0.8,1.4,0,0,9.5,6.8,9,10.7,0.7,3.5,25,10.6,4.8,0
7.9,9.8,0.7,1.2,0,0,10,7.2,9.1,12.3,0.8,3.5,22.1,10.1,5.2,0
8.1,10.3,0.9,1.5,0,0,9.1,7,8,11.3,0.8,3.4,22.9,11.2,5.5,0
8.7,10.3,0.9,1.5,0,0,9.3,7.4,10.3,12.6,1,3.4,19.1,10.7,4.9,0
8.2,11.3,0.8,1.5,0,0,10.8,6.7,7.2,10.6,0.8,3.4,23.2,10.8,4.7,0
8.1,10.6,0,0,0,0,9.6,7.9,6.8,12.3,0.7,3,24.4,11.3,5.2,0
7.7,9.7,0.7,1.4,0,0,9,7.6,7.4,12,0.7,2.8,24.6,11.1,5.3,0
7.5,9.5,0.7,1.3,0,0,9.5,6.2,8.7,10.2,1,3,25.8,10.6,5.9,0
7.1,9,0.8,1.3,0,0,8.8,6.8,9.2,13.6,0.9,3.8,22.6,11.1,5.1,0
6.5,8.2,0.6,1,0,0,10.9,6.2,8,10.3,0.7,2.8,30.2,10,4.5,0
7.3,8.8,0.7,1,0,0,11.4,6.7,7.3,10.7,0.8,2.6,28.8,9.1,4.7,0
7.1,8.2,0.7,1.1,0,0,11,6.2,7.3,10.3,0.8,3,29.9,9.7,4.8,0
7.4,8.2,0.7,1,0,0,12.6,6.3,7.9,9.5,0.8,0,31.1,10.1,4.5,0
6.7,9.2,0.8,1.1,0,0,9.9,7,7,11.5,0.8,3.1,27,10.7,5.1,0
7.5,11.4,0.9,1.4,0,0,9.3,7,6.2,11.5,1,3,25.1,10.5,5.2,0
7.3,10.1,0.8,1.2,0.1,0.4,7.6,7.3,7.3,11.4,0.8,2.9,26.1,11.1,5.5,0
7.8,9.7,0.8,1.3,0,0,9,6.6,8.1,11.4,0.8,3.1,25,11,5.4,0
7,9.8,0.7,1.2,0,0,8.4,7.2,7.8,11.7,0.8,3,26,10.9,5.5,0
7.4,10.1,0.8,1.2,0,0,7.6,7.1,8,12.6,0.7,3.3,24.5,11.4,5.3,0
7.3,10.4,0.7,1.2,0,0,8.2,7.6,7.6,11.9,0.8,3.2,24.7,10.8,5.5,0
7.6,10.1,0.8,1.2,0,0,11,6.8,6.4,10.2,0.8,2.6,26.5,10.5,5.4,0
7.8,11,0.9,1.3,0,0,9.1,7.5,6.5,11.3,0.9,2.8,25.9,9.8,5.3,0
7.9,11.2,0.9,1.3,0,0,8.3,7.6,6.6,11.4,0.9,3.1,24.9,10.7,5.1,0
7.7,10.4,0.7,1.2,0,0,9.7,6.3,7.7,10.5,0.9,2.9,26.7,10.4,5,0
7.2,9.9,0.8,1.3,0,0,10.5,7.1,7.1,10.5,0.9,2.9,25.9,10.1,5.8,0
7,10.1,0.7,1.1,0.2,0.4,8.2,7.4,7.2,12.4,0.8,3.1,24.7,11.2,5.5,0
7,9.5,0.7,1,0,0,10.5,6.6,6.8,10.4,0.9,2.5,27.7,10.7,5.8,0
8.2,10.7,0.8,1.1,0,0,10.3,6.9,7,11.3,0.9,0,26.6,10.8,5.4,0
9.2,7.4,0,0,0,0,16.4,8,5.9,8.2,0,0,29.4,10.7,4.9,0
5.8,5.4,0.4,0.8,0,0,11.1,6.1,6,8.1,0.8,1.9,35.9,11.8,6,0
7.2,6.6,0,0,0,0,12.6,6.1,5.9,7.6,0.8,2.1,32.6,12.1,6.4,0
9.4,7.3,0,0,0,0,18.7,6.8,6,6.5,0,0,31.1,10.3,4,0
9.8,6.3,0,0,0,0,21.9,6.8,6.8,5.8,0.9,1.4,27.6,9.4,3.4,0
9,5.6,0.4,0.6,0,0,21.6,6.6,6,6.3,0.9,1.4,28.8,9,3.7,0
10,7,0,0,0,0,20.8,8.5,6.6,5.8,0,0,27.7,9.8,3.8,0
10,6.6,0,0,0,0,21.8,7.1,6.8,5.1,1.1,1.2,27,9.5,3.7,0
10.1,7.7,0,0,0,0,20,8.1,5.8,5.9,0,0,28.6,9.9,4,0
10.2,7,0,0,0,0,20,6.8,6,6.5,0,0,29.5,10.3,3.8,0
9,9.3,0,0,0,0,12.4,8.4,7.3,9.3,1,2.7,23.5,11.4,5.5,0
7.4,11.9,0.8,1.2,0.2,0.4,6.8,7.3,6.4,12.1,0.8,2.8,25.6,10.5,6.1,0
7.6,10,0.8,1.2,0.2,0.4,6,7.8,6.6,12.8,0.7,3,24.9,11.8,6.1,0
7.9,11.9,0.7,1.2,0,0,7.7,7.7,7,10.5,0.8,2.7,24.7,11.5,5.7,0
7.5,10.6,0.7,1,0,0,8.9,7.8,6.5,9.5,0.8,2.3,29.4,9.9,5,0
8.1,10.1,0.8,1.1,0,0,10.1,7.2,6.9,9.4,0.9,2.6,27.2,10.5,5.2,0
7.8,10.8,0.8,1.1,0,0,7.6,7.8,4.6,11.7,0.8,2.8,27,11.2,6,0
8.4,11.7,0,0,0,0,6.6,8.8,7,9.6,0.7,3.1,26.1,11.7,6.2,0
8.3,10.2,0.7,1.1,0,0,9.6,7.5,6.6,9.4,0.9,2.6,27,10.7,5.5,0
0.7,4.3,0.1,0.2,0,0.1,5.3,6.8,0.4,1,0.1,0.3,77,2.9,0.8,0
0.3,4.3,0,0.3,0,0.1,3.7,6.3,0.2,1.7,0,0.5,79.7,2.3,0.6,0
0.5,5.3,0.1,0.3,0,0.1,4.5,6.4,0.3,1.4,0.1,0.4,77.3,2.6,0.7,0
2.3,13.9,0.5,2.2,0.5,0.9,2.5,8.4,0.6,9,0.2,3.9,49.4,4.3,1.5,0
0.6,14.8,0.3,2.5,0,0.5,2.8,12.9,0.8,3.4,0.1,0.6,56.1,3.3,1.2,0
0.8,12.3,0.2,2.3,0,0.4,2.4,9.3,0.9,5,0.3,0.5,58.8,4.7,2.2,0
0.4,6.2,0.1,0.9,0,0.2,3.3,7.5,0.4,2.5,0.1,0.4,73.6,3.4,1.2,0
1.7,11.3,0.7,1.8,0.1,0.5,3.8,9.1,0.9,6.8,0.1,1.1,55.3,5.1,1.7,0
0.5,7,0.3,1.2,0.1,0.5,3.2,7.1,0.3,6.5,0.2,2.1,65.5,4.6,1.2,0
0.5,6.7,0.2,1.1,0.1,0.3,3.1,7.1,0.8,6.1,0.3,4.4,62.2,4.9,2.2,0
0.3,8.3,0.4,1.4,0.4,0.8,1.7,6.1,1.4,9.9,0.9,6.7,37.9,13.4,10.4,0
0.3,6,0.1,0.4,0,0.1,4.9,7.5,0.4,1.3,0.1,0.4,73.5,3.8,1,0
0.3,8.8,0.3,1.6,0,0.7,2.6,10,0.4,6.8,0.1,1.2,61.3,4,2,0
3.7,10.5,0.1,4.3,0.4,2.2,1.8,8.3,0.4,13.8,0.1,6.9,38.3,6.4,2.8,0
8.6,15.5,0.4,4.9,0,0.6,1.7,13.1,0.7,9.5,0.2,1.8,35,4.1,3.8,0
6.4,7,0.1,1.1,0.1,0.4,2.8,7,0.6,4.1,0.2,1.3,58.7,7,3.2,0
4.1,14.1,0.2,4.5,0.1,0.4,1.9,8.1,0.4,9,0.2,1.5,47.3,4.7,3.4,0
20.2,12.7,0.3,3.2,0.3,0.2,1.9,6.3,0.7,5.6,0.2,1.1,40.1,4.3,2.9,0
0.4,12.4,0.9,2.4,0,1.1,1.2,10.4,0.5,14.7,0.2,5.9,33.5,7.6,8.8,0
20.9,13.1,0.4,2.2,0,0.5,1.1,8.9,0.4,10.1,0.1,2.7,25.5,7.1,7.1,0
1,11.5,0,1.2,0,1.1,1.7,12.6,0.8,7.1,0.2,2,48.1,5.6,7.2,0
0.5,8.5,0,0.8,0.2,0.5,1.7,9.8,0.2,5.1,0,1.3,60.5,5.9,4.9,0
6,11,0.3,1.1,0,0.6,1.6,11.3,1.2,5.9,0.5,1.4,48.5,5.5,5.1,0
11.5,15.3,0.4,4.1,0,1.2,1.6,9.4,1.9,10.5,0.3,3.3,28.1,4.9,7.6,0
2.4,13.2,0.2,6.5,0,8.6,0.6,6.6,0,20.9,0,11.2,19.8,5.9,4.1,0
6.7,14.5,0.5,4.4,0.2,0.6,2.2,9.2,1.5,7.7,0.4,1.9,40.3,4,5.8,0
3.3,23.7,0,9.5,0.1,0.6,2.4,7.3,0.7,11.7,0.3,2,28.1,4.5,5.7,0
9.3,13.2,0,6.4,0.3,1.3,1.9,7.8,0.1,11.3,0.9,8.4,18.2,3.8,17.1,0
7.9,14.6,0,2.8,0,1.4,1.9,10.9,0.9,8.2,0.2,3.9,34.4,4.2,8.7,0
8,14.8,0.3,9.8,0.1,1.1,1.9,7.9,0.1,14.2,0.3,2.7,28.6,4.3,5.9,0
21.8,14.6,0,1.4,0.3,0.8,2.2,10.6,1.3,5.5,0.7,3.9,22.9,4,10,0
2.5,21.5,1.3,6.8,0,1.6,1.7,8.6,3.1,9.2,0.6,5.1,20.7,4.5,12.6,0
2.9,13.4,0,2.7,0,1.9,1.3,13.9,1.3,5.3,0.6,7.4,27.2,4.2,17.9,0
6.5,19.3,0,6,0,0.7,0.8,7.2,0.4,19.7,0.3,4.1,13.6,5.5,16,0
17.2,16.8,0.3,3.5,0.2,0.5,1.4,9.5,1.3,9.3,0.5,5.5,16,3.9,14,0
3.1,16.1,1.4,1.9,0,1.6,2,8,4.1,6.6,0.8,5.9,23.3,6.3,18.8,0
1.8,21.3,0.9,5.8,0,10.5,1.4,9.7,2.1,12.3,0.5,3.2,15,7.1,8.3,0
0.8,21.1,0.2,6.5,0.3,0.6,2,9.4,0.6,15.9,0.4,4.2,24.5,4.5,8.9,0
4.1,11.7,0,1.7,0,1.7,4.5,15.9,5.6,1.6,1.3,2.2,27.3,5.4,17.1,0
9.3,10.9,0.9,1.5,0,2.1,4.2,10.7,4.8,4.6,0.8,4.8,25.9,5.3,14.2,0
2.2,15.1,0.2,5.1,0.4,1.4,7.8,8.6,0.2,11.4,0.4,5.7,27,4.2,10.2,0
14.4,20.5,0,5.3,0.1,1,8.6,7.6,0,9.2,0.2,2.4,21.7,3,6,0
4.1,17.6,0,7.1,0,1.1,3.7,10.7,0,13.5,0.3,3,30,3.7,5.2,0
3.5,10.8,0.4,4,0,1,4.1,8.3,0,8.6,0.2,1.5,50.9,3.3,3.5,0
7.7,12.7,0.5,2,0,1.5,7.1,9,1.6,3.6,0.4,2.7,41.7,3.4,6,0
7.4,10,0.4,3.2,0.1,0.7,1.8,5.4,0,8,0.2,3.6,50,4.1,4.9,0
6.9,12.1,0.3,5.1,0,1.2,2.9,5.9,0.2,8.8,0.2,3.2,43.8,3.5,5.8,0
1.9,17.8,0.9,7.9,0,3.6,3,9.1,0,9.7,0.3,2.5,32.1,3.7,7.6,0
3.9,16.5,0,4.8,0,1.6,3.1,9,0,8.4,0.2,1.2,43.7,3.5,4.1,0
3.5,19.2,0,6.6,0,1.6,2,9.1,0,14,0.3,2.7,27.1,5,9.1,0
11.9,9.7,0.3,4.4,0,0.7,1.4,4.8,0,14,0.1,2.2,40,4.8,5.6,0
3.2,11.3,0.4,3.9,0,1.3,2.6,5.7,0.3,10,0.4,1.5,49.1,5.4,4.9,0
4.4,10,0.4,1.6,0,0.8,5.3,7.8,2,5.5,0.5,1.6,49.7,5.9,4.4,0
3.5,13.4,0.4,3.9,0,1.5,2.7,6.7,0.3,7.9,0.3,1.5,50,3.2,4.7,0
3,7.4,0.1,3.3,0,0.5,1.2,3.8,0.2,7.7,0.1,1.3,64.4,4.2,2.7,0
3.6,23.3,1.5,5.8,0,5.7,1.8,10.5,1.7,5,0.8,1.5,28.7,4.7,5.5,0
2.4,17.6,0.8,4.5,0,6.8,3,11.6,1.3,6.4,0.5,2.1,31.2,4.9,7,0
1.7,15.5,0,5.4,0,6.4,1.5,13.9,2,4.8,0.6,2,32.5,5.5,8.2,0
3.5,6.8,0.2,2.1,0,0.8,2.4,6.4,0,6.4,0.3,4.1,52.3,3.8,10.8,0
11.3,11.9,0.9,2.2,0.4,1.6,4.8,7.2,2.1,3.7,0.6,2.9,33,5.4,11.9,0
3.7,10.8,0,3.6,0,1.2,4.1,9.2,1.4,2.8,0,2.3,43.5,5.4,12,0
9,5.6,0.3,1.8,0.1,0.3,2.6,6.3,0.2,4.8,0.2,2,58.5,2.8,5.4,0
10.9,5.8,0.3,1.2,0.1,0.4,3,4.4,0.9,3.2,0.1,1.7,61.3,3.8,2.9,0
4.9,8.2,0.3,1.8,0,0.5,4,7.5,0,5,0.2,1.1,60.5,3.4,2.7,0
14.3,6.9,0.4,1.3,0.1,0.3,4.3,6,1.2,3,0.1,1.4,54.4,3.4,3,0
5.2,6.2,0.2,1.5,0.1,0.5,3.6,5.2,0.2,3.9,0.2,1.8,64.2,3.4,3.7,0
5.8,4.3,0.4,1,0,0.3,5.2,9.4,0.8,2.3,0.2,1.3,62.5,3,3.5,0
4.8,4.6,0.2,1,0.1,0.4,3.7,4.6,0.8,2.9,0.1,1.5,69.1,3.6,2.6,0
4.1,4.7,0.2,1.1,0.1,0.3,2.8,4.6,0.8,2.7,0.1,1.7,70.3,3.6,3,0
5,5.6,0.3,1.4,0,0.6,3.1,5.8,1,3.2,0.2,2.3,62.6,4,5,0
3.1,4.6,0.2,1.2,0,0.3,3.5,5.1,0,3.3,0.1,1,71.7,3.3,2.6,0
4.6,4.9,0.6,1,0,0.4,3.4,5.6,0.2,3.6,0.2,1.6,67,3.3,3.8,0
3.5,4.6,0.3,1,0,0.6,4.5,7.7,0.8,2.4,0.2,1.7,64.9,2.3,5.5,0
4.6,4.5,0.3,0.9,0.1,0.4,3.5,4.9,0.9,2.4,0.2,1.7,67.8,3.4,4.4,0
4.7,4,0.2,0.9,0,0.4,3.1,5.1,0.7,2.4,0.1,1.6,70.1,3.6,3.1,0
4.7,5.2,0.3,1.1,0,0.5,3.6,7.2,1.1,2.6,0.1,1.7,63.6,2.9,5.3,0
16.8,3.2,0.2,0.6,0,0.3,12.4,3.6,0.7,1.7,0.1,1,54.7,2.1,2.6,0
5.7,5,0.3,1.2,0,0.4,3.4,6.1,1.1,2.5,0.2,1.5,65.6,2.9,4,0
4.8,4.9,0.3,1.3,0,0.6,3.1,5.8,1.2,2.7,0.1,1.4,66.5,3.7,3.6,0
4.5,4.4,0.3,1.2,0,0.4,3,6.7,1.1,2.9,0.1,1.2,66.9,3.1,4,0
4.7,6.1,0.4,1.1,0,0.5,3.9,6.1,1,2.6,0.2,1.7,63,3.4,5.3,0
4.1,4.3,0.2,0.9,0.1,0.3,2.6,5.1,0.2,3.9,0.1,1.6,68.9,3.9,3.9,0
5.3,4.6,0.2,1,0,0.3,2.6,4.9,0.2,4.3,0.1,1.5,67.5,3.9,3.5,0
